[{"uml":"Seattle","gm":{"lat":47.6038,"lon":-122.3301},"uol":"Seattle","gop":{"lat":47.6038,"lon":-122.3301},"l":"Java","nwo":"aws/aws-sdk-java-v2","pr":2758,"ma":"2021-10-08T22:14:30Z","oa":"2021-10-08T00:10:15Z"},{"uml":"San Francisco","gm":{"lat":37.7648,"lon":-122.463},"uol":"San Francisco","gop":{"lat":37.7648,"lon":-122.463},"l":"Python","nwo":"getsentry/sentry","pr":29200,"ma":"2021-10-08T20:08:29Z","oa":"2021-10-08T00:20:31Z"},{"uml":"Ontario","gm":{"lat":49.4515636581,"lon":-84.2539813003493},"uol":"Ontario","gop":{"lat":49.4515636581,"lon":-84.2539813003493},"l":"C++","nwo":"brave/brave-core","pr":10416,"ma":"2021-10-08T22:51:52Z","oa":"2021-10-08T01:18:16Z"},{"uml":"Canada","gm":{"lat":55.5859012851966,"lon":-105.750595856519},"uol":"Canada","gop":{"lat":55.5859012851966,"lon":-105.750595856519},"l":"JavaScript","nwo":"lowlighter/metrics","pr":560,"ma":"2021-10-08T21:12:42Z","oa":"2021-10-08T01:39:11Z"},{"uml":"Mountain View","gm":{"lat":37.3856,"lon":-122.082},"uol":"Mountain View","gop":{"lat":37.3856,"lon":-122.082},"l":"TypeScript","nwo":"tensorflow/tfjs","pr":5699,"ma":"2021-10-08T19:19:26Z","oa":"2021-10-08T01:44:01Z"},{"uml":"Toronto","gm":{"lat":43.653482,"lon":-79.383935},"uol":"Toronto","gop":{"lat":43.653482,"lon":-79.383935},"l":"TypeScript","nwo":"lazerwalker/azure-mud","pr":462,"ma":"2021-10-09T02:26:00Z","oa":"2021-10-08T01:51:26Z"},{"uml":"Seattle","gm":{"lat":47.6038,"lon":-122.3301},"uol":"Seattle","gop":{"lat":47.6038,"lon":-122.3301},"l":"Python","nwo":"Labelbox/labelbox-python","pr":304,"ma":"2021-10-08T22:22:16Z","oa":"2021-10-08T02:13:44Z"},{"uml":"Netherlands","gm":{"lat":51.9724664894952,"lon":5.61349061168593},"uol":"Beijing","gop":{"lat":39.905,"lon":116.39139},"l":"V","nwo":"vlang/v","pr":12102,"ma":"2021-10-09T00:32:38Z","oa":"2021-10-08T02:28:08Z"},{"uml":"San José","gm":{"lat":9.93333,"lon":-84.08333},"uol":"San José","gop":{"lat":9.93333,"lon":-84.08333},"l":"JavaScript","nwo":"elyra-ai/canvas","pr":807,"ma":"2021-10-08T23:24:17Z","oa":"2021-10-08T02:31:58Z"},{"uml":"California City","gm":{"lat":35.1258,"lon":-117.9859},"uol":"California City","gop":{"lat":35.1258,"lon":-117.9859},"l":"Java","nwo":"PaperMC/Paper","pr":6747,"ma":"2021-10-08T19:06:28Z","oa":"2021-10-08T03:51:29Z"},{"uml":"Salt Lake City","gm":{"lat":40.767,"lon":-111.8904},"uol":"Salt Lake City","gop":{"lat":40.767,"lon":-111.8904},"l":"C","nwo":"smackers/smack","pr":761,"ma":"2021-10-08T19:16:08Z","oa":"2021-10-08T04:27:45Z"},{"uml":"San José","gm":{"lat":9.93333,"lon":-84.08333},"uol":"San José","gop":{"lat":9.93333,"lon":-84.08333},"l":"Shell","nwo":"nestybox/sysbox","pr":407,"ma":"2021-10-08T20:51:12Z","oa":"2021-10-08T05:31:06Z"},{"uml":"Shanghai","gm":{"lat":31.16667,"lon":121.46667},"uol":"Shanghai","gop":{"lat":31.16667,"lon":121.46667},"l":"Java","nwo":"Azure/azure-sdk-for-java","pr":24654,"ma":"2021-10-09T00:00:51Z","oa":"2021-10-08T06:12:02Z"},{"uml":"India","gm":{"lat":22.1991660760527,"lon":78.476681027237},"uol":"Patiala district","gop":{"lat":30.34,"lon":76.4},"l":"C++","nwo":"SR-Sunny-Raj/Hacktoberfest2021-DSA","pr":856,"ma":"2021-10-09T01:04:22Z","oa":"2021-10-08T06:31:16Z"},{"uml":"California City","gm":{"lat":35.1258,"lon":-117.9859},"uol":"California City","gop":{"lat":35.1258,"lon":-117.9859},"l":"Java","nwo":"linkedin/avro-util","pr":223,"ma":"2021-10-08T19:41:18Z","oa":"2021-10-08T06:46:30Z"},{"uml":"India","gm":{"lat":22.1991660760527,"lon":78.476681027237},"uol":"India","gop":{"lat":22.1991660760527,"lon":78.476681027237},"l":"C++","nwo":"SR-Sunny-Raj/Hacktoberfest2021-DSA","pr":858,"ma":"2021-10-09T01:05:55Z","oa":"2021-10-08T07:07:23Z"},{"uml":"Portugal","gm":{"lat":39.6009946583093,"lon":-8.56273059638958},"uol":"Portugal","gop":{"lat":39.6009946583093,"lon":-8.56273059638958},"l":"Elixir","nwo":"aeternity/ae_mdw","pr":279,"ma":"2021-10-08T19:26:22Z","oa":"2021-10-08T07:37:47Z"},{"uml":"Japan","gm":{"lat":36.3864928218528,"lon":138.592229549504},"uol":"Japan","gop":{"lat":36.3864928218528,"lon":138.592229549504},"l":"PHP","nwo":"codeigniter4/CodeIgniter4","pr":5187,"ma":"2021-10-09T01:41:37Z","oa":"2021-10-08T07:53:56Z"},{"uml":"Munich","gm":{"lat":48.13333,"lon":11.56667},"uol":"Munich","gop":{"lat":48.13333,"lon":11.56667},"l":"PHP","nwo":"owncloud/core","pr":39334,"ma":"2021-10-08T22:51:58Z","oa":"2021-10-08T08:39:13Z"},{"uml":"United States","gm":{"lat":39.3812661305678,"lon":-97.9222112121185},"uol":"Berlin","gop":{"lat":52.51667,"lon":13.38333},"l":"PHP","nwo":"cakephp/cakephp","pr":16014,"ma":"2021-10-08T21:15:36Z","oa":"2021-10-08T08:44:35Z"},{"uml":"Japan","gm":{"lat":36.3864928218528,"lon":138.592229549504},"uol":"Japan","gop":{"lat":36.3864928218528,"lon":138.592229549504},"l":"PHP","nwo":"codeigniter4/CodeIgniter4","pr":5189,"ma":"2021-10-09T02:06:45Z","oa":"2021-10-08T08:47:57Z"},{"uml":"England","gm":{"lat":52.38145972,"lon":-0.676181762467007},"uol":"England","gop":{"lat":52.38145972,"lon":-0.676181762467007},"l":"C#","nwo":"amazingalek/owml","pr":353,"ma":"2021-10-08T19:49:19Z","oa":"2021-10-08T08:48:22Z"},{"uml":"United States","gm":{"lat":39.3812661305678,"lon":-97.9222112121185},"uol":"Berlin","gop":{"lat":52.51667,"lon":13.38333},"l":"PHP","nwo":"cakephp/cakephp","pr":16015,"ma":"2021-10-08T21:42:58Z","oa":"2021-10-08T08:54:33Z"},{"uml":"Mars Hill","gm":{"lat":35.8265,"lon":-82.5493},"uol":"Mars Hill","gop":{"lat":35.8265,"lon":-82.5493},"l":"Go","nwo":"apache/apisix-dashboard","pr":2158,"ma":"2021-10-09T02:01:36Z","oa":"2021-10-08T09:19:14Z"},{"uml":"Finland","gm":{"lat":62.7777539652943,"lon":26.199539005192},"uol":"Kampala","gop":{"lat":0.31667,"lon":32.56667},"l":"Java","nwo":"apache/fineract","pr":1888,"ma":"2021-10-09T01:00:11Z","oa":"2021-10-08T09:26:18Z"},{"uml":"India","gm":{"lat":22.1991660760527,"lon":78.476681027237},"uol":"Kolkata","gop":{"lat":22.54111,"lon":88.33778},"l":"C++","nwo":"SR-Sunny-Raj/Hacktoberfest2021-DSA","pr":875,"ma":"2021-10-09T01:23:23Z","oa":"2021-10-08T10:02:15Z"},{"uml":"India","gm":{"lat":22.1991660760527,"lon":78.476681027237},"uol":"Jamshedpur","gop":{"lat":22.8,"lon":86.18333},"l":"C++","nwo":"SR-Sunny-Raj/Hacktoberfest2021-DSA","pr":877,"ma":"2021-10-09T01:24:13Z","oa":"2021-10-08T10:04:09Z"},{"uml":"United States","gm":{"lat":39.3812661305678,"lon":-97.9222112121185},"uol":"Bangalore","gop":{"lat":12.96991,"lon":77.59796},"l":"Java","nwo":"pravega/pravega","pr":6373,"ma":"2021-10-08T23:11:22Z","oa":"2021-10-08T10:55:40Z"},{"uml":"India","gm":{"lat":22.1991660760527,"lon":78.476681027237},"uol":"India","gop":{"lat":22.1991660760527,"lon":78.476681027237},"l":"JavaScript","nwo":"webpack/webpack.js.org","pr":5553,"ma":"2021-10-08T22:56:54Z","oa":"2021-10-08T11:18:37Z"},{"uml":"India","gm":{"lat":22.1991660760527,"lon":78.476681027237},"uol":"Kolkata","gop":{"lat":22.54111,"lon":88.33778},"l":"C","nwo":"1dharode/Hacktoberfest2021","pr":220,"ma":"2021-10-09T02:06:04Z","oa":"2021-10-08T11:35:39Z"},{"uml":"United States","gm":{"lat":39.3812661305678,"lon":-97.9222112121185},"uol":"United States","gop":{"lat":39.3812661305678,"lon":-97.9222112121185},"l":"C++","nwo":"OpenChemistry/tomviz","pr":2198,"ma":"2021-10-08T19:45:02Z","oa":"2021-10-08T11:44:52Z"},{"uml":"San Francisco","gm":{"lat":37.7648,"lon":-122.463},"uol":"Moscow","gop":{"lat":55.75583,"lon":37.61778},"l":"Python","nwo":"albumentations-team/albumentations","pr":1031,"ma":"2021-10-09T02:10:38Z","oa":"2021-10-08T13:01:01Z"},{"uml":"Beijing","gm":{"lat":39.905,"lon":116.39139},"uol":"Shenzhen","gop":{"lat":22.535383,"lon":114.05471},"l":"Python","nwo":"PaddlePaddle/Paddle2ONNX","pr":367,"ma":"2021-10-09T02:16:51Z","oa":"2021-10-08T13:13:04Z"},{"uml":"Beijing","gm":{"lat":39.905,"lon":116.39139},"uol":"Beijing","gop":{"lat":39.905,"lon":116.39139},"l":"Go","nwo":"yunionio/cloudpods","pr":12368,"ma":"2021-10-09T01:15:21Z","oa":"2021-10-08T13:25:38Z"},{"uml":"Chile","gm":{"lat":-26.783346,"lon":-69.761008},"uol":"Krasnodar","gop":{"lat":45.03333,"lon":38.98333},"l":"Python","nwo":"mindsdb/lightwood","pr":579,"ma":"2021-10-08T19:58:01Z","oa":"2021-10-08T13:25:43Z"},{"uml":"Beijing","gm":{"lat":39.905,"lon":116.39139},"uol":"Beijing","gop":{"lat":39.905,"lon":116.39139},"l":"Go","nwo":"yunionio/cloudpods","pr":12369,"ma":"2021-10-09T01:15:25Z","oa":"2021-10-08T13:26:55Z"},{"uml":"Shanghai","gm":{"lat":31.16667,"lon":121.46667},"uol":"Shanghai","gop":{"lat":31.16667,"lon":121.46667},"l":"Go","nwo":"kubernetes-csi/csi-driver-smb","pr":361,"ma":"2021-10-09T01:26:53Z","oa":"2021-10-08T14:13:36Z"},{"uml":"Israel","gm":{"lat":31.8472608144505,"lon":34.8419985253627},"uol":"Israel","gop":{"lat":31.8472608144505,"lon":34.8419985253627},"l":"TypeScript","nwo":"hasadna/open_pension","pr":708,"ma":"2021-10-08T21:30:48Z","oa":"2021-10-08T14:23:52Z"},{"uml":"India","gm":{"lat":22.1991660760527,"lon":78.476681027237},"uol":"Kolkata","gop":{"lat":22.54111,"lon":88.33778},"l":"C++","nwo":"SR-Sunny-Raj/Hacktoberfest2021-DSA","pr":883,"ma":"2021-10-09T01:30:36Z","oa":"2021-10-08T14:43:08Z"},{"uml":"Canada","gm":{"lat":55.5859012851966,"lon":-105.750595856519},"uol":"Canada","gop":{"lat":55.5859012851966,"lon":-105.750595856519},"l":"TypeScript","nwo":"truenas/webui","pr":5991,"ma":"2021-10-08T19:11:43Z","oa":"2021-10-08T15:04:20Z"},{"uml":"Toronto","gm":{"lat":43.653482,"lon":-79.383935},"uol":"Toronto","gop":{"lat":43.653482,"lon":-79.383935},"l":"Kotlin","nwo":"mozilla-mobile/fenix","pr":21804,"ma":"2021-10-08T22:33:56Z","oa":"2021-10-08T15:25:13Z"},{"uml":"Melbourne","gm":{"lat":-37.8142,"lon":144.9632},"uol":"United States","gop":{"lat":39.3812661305678,"lon":-97.9222112121185},"l":"Vue","nwo":"robotichead/NearBeach","pr":264,"ma":"2021-10-08T23:46:33Z","oa":"2021-10-08T15:29:30Z"},{"uml":"Michigan","gm":{"lat":44.93374589245,"lon":-84.525239999781},"uol":"Michigan","gop":{"lat":44.93374589245,"lon":-84.525239999781},"l":"HTML","nwo":"Kong/docs.konghq.com","pr":3311,"ma":"2021-10-08T20:28:34Z","oa":"2021-10-08T15:32:02Z"},{"uml":"New York City","gm":{"lat":40.7306,"lon":-73.9866},"uol":"New York City","gop":{"lat":40.7306,"lon":-73.9866},"l":"Python","nwo":"JustFixNYC/tenants2","pr":2214,"ma":"2021-10-08T19:34:09Z","oa":"2021-10-08T15:32:08Z"},{"uml":"Switzerland","gm":{"lat":46.8024955829499,"lon":8.23439191387853},"uol":"Switzerland","gop":{"lat":46.8024955829499,"lon":8.23439191387853},"l":"Nix","nwo":"NixOS/nixpkgs","pr":140990,"ma":"2021-10-08T21:40:06Z","oa":"2021-10-08T15:32:11Z"},{"uml":"London","gm":{"lat":51.507321899999994,"lon":-0.12764739999999997},"uol":"Munich","gop":{"lat":48.13333,"lon":11.56667},"l":"Python","nwo":"pytorch/vision","pr":4578,"ma":"2021-10-08T21:21:05Z","oa":"2021-10-08T15:57:53Z"},{"uml":"Denver","gm":{"lat":39.7348,"lon":-104.9653},"uol":"Denver","gop":{"lat":39.7348,"lon":-104.9653},"l":"TypeScript","nwo":"swimlane/ngx-charts","pr":1685,"ma":"2021-10-08T20:55:28Z","oa":"2021-10-08T16:00:01Z"},{"uml":"Toronto","gm":{"lat":43.653482,"lon":-79.383935},"uol":"Toronto","gop":{"lat":43.653482,"lon":-79.383935},"l":"Python","nwo":"getsentry/sentry","pr":29211,"ma":"2021-10-08T19:32:34Z","oa":"2021-10-08T16:15:02Z"},{"uml":"Hudson","gm":{"lat":41.2401,"lon":-81.4407},"uol":"Seattle","gop":{"lat":47.6038,"lon":-122.3301},"l":"TypeScript","nwo":"aws-amplify/amplify-cli","pr":8397,"ma":"2021-10-08T19:03:45Z","oa":"2021-10-08T16:19:49Z"},{"uml":"San Francisco","gm":{"lat":37.7648,"lon":-122.463},"uol":"San Francisco","gop":{"lat":37.7648,"lon":-122.463},"l":"Python","nwo":"dagster-io/dagster","pr":5082,"ma":"2021-10-08T20:23:40Z","oa":"2021-10-08T16:26:32Z"},{"uml":"Baltimore","gm":{"lat":39.2909,"lon":-76.6108},"uol":"Baltimore","gop":{"lat":39.2909,"lon":-76.6108},"l":"Ruby","nwo":"forem/forem","pr":14989,"ma":"2021-10-08T19:25:05Z","oa":"2021-10-08T16:27:23Z"},{"uml":"India","gm":{"lat":22.1991660760527,"lon":78.476681027237},"uol":"New Delhi","gop":{"lat":28.7,"lon":77.2},"l":"C++","nwo":"SR-Sunny-Raj/Hacktoberfest2021-DSA","pr":888,"ma":"2021-10-09T01:34:47Z","oa":"2021-10-08T16:30:07Z"},{"uml":"Madrid","gm":{"lat":40.41889,"lon":-3.69194},"uol":"Madrid","gop":{"lat":40.41889,"lon":-3.69194},"l":"HCL","nwo":"terraform-google-modules/cloud-foundation-fabric","pr":321,"ma":"2021-10-08T19:26:27Z","oa":"2021-10-08T16:31:33Z"},{"uml":"Paris","gm":{"lat":48.85658,"lon":2.35183},"uol":"Paris","gop":{"lat":48.85658,"lon":2.35183},"l":"TypeScript","nwo":"infinispan/infinispan-console","pr":167,"ma":"2021-10-08T22:23:43Z","oa":"2021-10-08T16:31:55Z"},{"uml":"Amsterdam","gm":{"lat":52.378,"lon":4.9},"uol":"Amsterdam","gop":{"lat":52.378,"lon":4.9},"l":"C#","nwo":"Mapsui/Mapsui","pr":1262,"ma":"2021-10-08T19:42:15Z","oa":"2021-10-08T16:33:04Z"},{"uml":"Toronto","gm":{"lat":43.653482,"lon":-79.383935},"uol":"Toronto","gop":{"lat":43.653482,"lon":-79.383935},"l":"C++","nwo":"onnx/onnx-mlir","pr":902,"ma":"2021-10-08T20:51:23Z","oa":"2021-10-08T16:36:01Z"},{"uml":"San Francisco","gm":{"lat":37.7648,"lon":-122.463},"uol":"San Francisco","gop":{"lat":37.7648,"lon":-122.463},"l":"Python","nwo":"dagster-io/dagster","pr":5084,"ma":"2021-10-08T21:31:59Z","oa":"2021-10-08T16:39:32Z"},{"uml":"Maine","gm":{"lat":45.3982848479,"lon":-69.2365510393463},"uol":"Maine","gop":{"lat":45.3982848479,"lon":-69.2365510393463},"l":"JavaScript","nwo":"code-dot-org/code-dot-org","pr":42906,"ma":"2021-10-08T19:07:06Z","oa":"2021-10-08T16:39:53Z"},{"uml":"New Jersey","gm":{"lat":40.1502478924,"lon":-74.3893168105238},"uol":"New Jersey","gop":{"lat":40.1502478924,"lon":-74.3893168105238},"l":"Ruby","nwo":"ManageIQ/manageiq","pr":21491,"ma":"2021-10-08T19:23:04Z","oa":"2021-10-08T16:43:55Z"},{"uml":"Redmond","gm":{"lat":47.6694,"lon":-122.1239},"uol":"Redmond","gop":{"lat":47.6694,"lon":-122.1239},"l":"C#","nwo":"dotnet/runtime","pr":60187,"ma":"2021-10-08T20:22:04Z","oa":"2021-10-08T16:50:30Z"},{"uml":"Paris","gm":{"lat":48.85658,"lon":2.35183},"uol":"Valencia","gop":{"lat":39.46667,"lon":-0.375},"l":"PHP","nwo":"doctrine/persistence","pr":206,"ma":"2021-10-08T21:57:40Z","oa":"2021-10-08T16:53:53Z"},{"uml":"Germany","gm":{"lat":51.1334813439932,"lon":10.0183432948567},"uol":"Germany","gop":{"lat":51.1334813439932,"lon":10.0183432948567},"l":"TypeScript","nwo":"tediousjs/tedious","pr":1357,"ma":"2021-10-08T19:27:32Z","oa":"2021-10-08T16:54:44Z"},{"uml":"Atlanta","gm":{"lat":33.7491,"lon":-84.3902},"uol":"Atlanta","gop":{"lat":33.7491,"lon":-84.3902},"l":"C++","nwo":"llvm/circt","pr":1958,"ma":"2021-10-08T20:09:15Z","oa":"2021-10-08T17:02:41Z"},{"uml":"France","gm":{"lat":47.8249046208979,"lon":2.61878695312962},"uol":"France","gop":{"lat":47.8249046208979,"lon":2.61878695312962},"l":"C++","nwo":"OSGeo/gdal","pr":4623,"ma":"2021-10-08T20:26:51Z","oa":"2021-10-08T17:04:19Z"},{"uml":"Canada","gm":{"lat":55.5859012851966,"lon":-105.750595856519},"uol":"Waterloo","gop":{"lat":42.4983,"lon":-92.3369},"l":"Vue","nwo":"ryanprice/Cryptoz.cards-Dapp","pr":206,"ma":"2021-10-08T19:37:09Z","oa":"2021-10-08T17:07:16Z"},{"uml":"Paris","gm":{"lat":48.85658,"lon":2.35183},"uol":"Paris","gop":{"lat":48.85658,"lon":2.35183},"l":"JavaScript","nwo":"scality/backbeat","pr":1994,"ma":"2021-10-08T21:05:14Z","oa":"2021-10-08T17:14:14Z"},{"uml":"India","gm":{"lat":22.1991660760527,"lon":78.476681027237},"uol":"India","gop":{"lat":22.1991660760527,"lon":78.476681027237},"l":"C++","nwo":"SR-Sunny-Raj/Hacktoberfest2021-DSA","pr":890,"ma":"2021-10-09T01:36:21Z","oa":"2021-10-08T17:16:15Z"},{"uml":"Houston","gm":{"lat":29.7589,"lon":-95.3677},"uol":"Houston","gop":{"lat":29.7589,"lon":-95.3677},"l":"Ruby","nwo":"openstax/tutor-server","pr":2391,"ma":"2021-10-08T21:14:39Z","oa":"2021-10-08T17:17:46Z"},{"uml":"Italy","gm":{"lat":42.5041539170675,"lon":12.6463610364431},"uol":"Italy","gop":{"lat":42.5041539170675,"lon":12.6463610364431},"l":"JavaScript","nwo":"GeoNode/geonode","pr":8214,"ma":"2021-10-08T19:23:15Z","oa":"2021-10-08T17:19:27Z"},{"uml":"India","gm":{"lat":22.1991660760527,"lon":78.476681027237},"uol":"Thrissur","gop":{"lat":10.52,"lon":76.21},"l":"C","nwo":"1dharode/Hacktoberfest2021","pr":227,"ma":"2021-10-09T02:10:41Z","oa":"2021-10-08T17:28:25Z"},{"uml":"London","gm":{"lat":51.507321899999994,"lon":-0.12764739999999997},"uol":"London","gop":{"lat":51.507321899999994,"lon":-0.12764739999999997},"l":"TypeScript","nwo":"yesoreyeram/grafana-infinity-datasource","pr":165,"ma":"2021-10-08T21:26:27Z","oa":"2021-10-08T17:32:09Z"},{"uml":"Seattle","gm":{"lat":47.6038,"lon":-122.3301},"uol":"Seattle","gop":{"lat":47.6038,"lon":-122.3301},"l":"TypeScript","nwo":"microsoft/responsible-ai-widgets","pr":941,"ma":"2021-10-08T19:50:49Z","oa":"2021-10-08T17:40:22Z"},{"uml":"Germany","gm":{"lat":51.1334813439932,"lon":10.0183432948567},"uol":"Poland","gop":{"lat":52.1246099075455,"lon":19.30063630556},"l":"C#","nwo":"OpenHV/OpenHV","pr":406,"ma":"2021-10-08T19:27:50Z","oa":"2021-10-08T18:04:24Z"},{"uml":"San Francisco","gm":{"lat":37.7648,"lon":-122.463},"uol":"San Francisco","gop":{"lat":37.7648,"lon":-122.463},"l":"Python","nwo":"chanzuckerberg/single-cell-data-portal","pr":1524,"ma":"2021-10-08T19:22:59Z","oa":"2021-10-08T18:05:27Z"},{"uml":"United Kingdom","gm":{"lat":54.2379333607472,"lon":-2.36966957036279},"uol":"United Kingdom","gop":{"lat":54.2379333607472,"lon":-2.36966957036279},"l":"TypeScript","nwo":"cloudflare/kv-asset-handler","pr":249,"ma":"2021-10-08T19:16:20Z","oa":"2021-10-08T18:16:39Z"},{"uml":"Atlanta","gm":{"lat":33.7491,"lon":-84.3902},"uol":"Atlanta","gop":{"lat":33.7491,"lon":-84.3902},"l":"C++","nwo":"llvm/circt","pr":1960,"ma":"2021-10-08T20:04:51Z","oa":"2021-10-08T18:23:07Z"},{"uml":"Brighton","gm":{"lat":50.82417,"lon":-0.13389},"uol":"Brighton","gop":{"lat":50.82417,"lon":-0.13389},"l":"PHP","nwo":"Automattic/jetpack","pr":21351,"ma":"2021-10-08T19:42:41Z","oa":"2021-10-08T18:34:07Z"},{"uml":"Toronto","gm":{"lat":43.653482,"lon":-79.383935},"uol":"Toronto","gop":{"lat":43.653482,"lon":-79.383935},"l":"C++","nwo":"google/iree","pr":7292,"ma":"2021-10-08T18:58:57Z","oa":"2021-10-08T18:38:26Z"},{"uml":"San Francisco","gm":{"lat":37.7648,"lon":-122.463},"uol":"San Francisco","gop":{"lat":37.7648,"lon":-122.463},"l":"C++","nwo":"materialx/MaterialX","pr":717,"ma":"2021-10-08T19:09:42Z","oa":"2021-10-08T18:38:41Z"},{"uml":"Finland","gm":{"lat":62.7777539652943,"lon":26.199539005192},"uol":"Finland","gop":{"lat":62.7777539652943,"lon":26.199539005192},"l":"Java","nwo":"vaadin/flow-components","pr":2207,"ma":"2021-10-08T20:34:20Z","oa":"2021-10-08T18:39:18Z"},{"uml":"Berlin","gm":{"lat":52.51667,"lon":13.38333},"uol":"Berlin","gop":{"lat":52.51667,"lon":13.38333},"l":"JavaScript","nwo":"sequelize/sequelize","pr":13547,"ma":"2021-10-08T19:16:13Z","oa":"2021-10-08T18:39:20Z"},{"uml":"Ottawa","gm":{"lat":45.421143,"lon":-75.690057},"uol":"Ottawa","gop":{"lat":45.421143,"lon":-75.690057},"l":"JavaScript","nwo":"canada-ca/tracker","pr":3088,"ma":"2021-10-08T18:59:58Z","oa":"2021-10-08T18:44:44Z"},{"uml":"Huddersfield","gm":{"lat":53.645,"lon":-1.77972},"uol":"Huddersfield","gop":{"lat":53.645,"lon":-1.77972},"l":"JavaScript","nwo":"AllTheMods/ATM-6","pr":2537,"ma":"2021-10-08T19:11:47Z","oa":"2021-10-08T18:47:46Z"},{"uml":"San Francisco","gm":{"lat":37.7648,"lon":-122.463},"uol":"San Francisco","gop":{"lat":37.7648,"lon":-122.463},"l":"JavaScript","nwo":"near/near-wallet","pr":2186,"ma":"2021-10-08T23:49:04Z","oa":"2021-10-08T18:50:06Z"},{"uml":"San José","gm":{"lat":9.93333,"lon":-84.08333},"uol":"San José","gop":{"lat":9.93333,"lon":-84.08333},"l":"C","nwo":"Xilinx/XRT","pr":5914,"ma":"2021-10-08T19:55:14Z","oa":"2021-10-08T18:52:17Z"},{"uml":"New York City","gm":{"lat":40.7306,"lon":-73.9866},"uol":"New York City","gop":{"lat":40.7306,"lon":-73.9866},"l":"TypeScript","nwo":"kubernetes-sigs/kui","pr":8134,"ma":"2021-10-08T21:41:19Z","oa":"2021-10-08T18:53:27Z"},{"uml":"Paris","gm":{"lat":48.85658,"lon":2.35183},"uol":"France","gop":{"lat":47.8249046208979,"lon":2.61878695312962},"l":"OCaml","nwo":"mirage/alcotest","pr":329,"ma":"2021-10-08T19:43:03Z","oa":"2021-10-08T18:55:52Z"},{"uml":"Berlin","gm":{"lat":52.51667,"lon":13.38333},"uol":"Berlin","gop":{"lat":52.51667,"lon":13.38333},"l":"Go","nwo":"parca-dev/parca","pr":270,"ma":"2021-10-08T20:00:16Z","oa":"2021-10-08T18:57:07Z"},{"uml":"San Francisco","gm":{"lat":37.7648,"lon":-122.463},"uol":"San Francisco","gop":{"lat":37.7648,"lon":-122.463},"l":"JavaScript","nwo":"PipedreamHQ/pipedream","pr":1772,"ma":"2021-10-08T19:24:35Z","oa":"2021-10-08T19:01:55Z"},{"uml":"Ottawa","gm":{"lat":45.421143,"lon":-75.690057},"uol":"Ottawa","gop":{"lat":45.421143,"lon":-75.690057},"l":"JavaScript","nwo":"canada-ca/tracker","pr":3089,"ma":"2021-10-08T19:29:14Z","oa":"2021-10-08T19:03:28Z"},{"uml":"Florida","gm":{"lat":28.94446470552,"lon":-82.033629763236},"uol":"Bern","gop":{"lat":46.95083,"lon":7.43861},"l":"PHP","nwo":"statamic/cms","pr":4429,"ma":"2021-10-08T20:42:55Z","oa":"2021-10-08T19:04:27Z"},{"uml":"United States","gm":{"lat":39.3812661305678,"lon":-97.9222112121185},"uol":"United States","gop":{"lat":39.3812661305678,"lon":-97.9222112121185},"l":"JavaScript","nwo":"mapbox/mapbox-gl-js","pr":11107,"ma":"2021-10-08T19:22:26Z","oa":"2021-10-08T19:05:35Z"},{"uml":"United States","gm":{"lat":39.3812661305678,"lon":-97.9222112121185},"uol":"United States","gop":{"lat":39.3812661305678,"lon":-97.9222112121185},"l":"Python","nwo":"cisco/mindmeld","pr":376,"ma":"2021-10-08T21:25:01Z","oa":"2021-10-08T19:06:12Z"},{"uml":"Redmond","gm":{"lat":47.6694,"lon":-122.1239},"uol":"Redmond","gop":{"lat":47.6694,"lon":-122.1239},"l":"Python","nwo":"Azure/azure-iot-sdk-python","pr":865,"ma":"2021-10-08T21:27:03Z","oa":"2021-10-08T19:07:35Z"},{"uml":"Vilnius","gm":{"lat":54.68333,"lon":25.28333},"uol":"Vilnius","gop":{"lat":54.68333,"lon":25.28333},"l":"TypeScript","nwo":"lbdremy/solr-node-client","pr":292,"ma":"2021-10-08T19:17:47Z","oa":"2021-10-08T19:09:20Z"},{"uml":"Argentina","gm":{"lat":-36.252002,"lon":-63.954193},"uol":"Argentina","gop":{"lat":-36.252002,"lon":-63.954193},"l":"Python","nwo":"canonical/charmcraft","pr":569,"ma":"2021-10-08T20:26:08Z","oa":"2021-10-08T19:14:02Z"},{"uml":"Argentina","gm":{"lat":-36.252002,"lon":-63.954193},"uol":"Argentina","gop":{"lat":-36.252002,"lon":-63.954193},"l":"Python","nwo":"snapcore/snapcraft","pr":3589,"ma":"2021-10-08T20:50:12Z","oa":"2021-10-08T19:14:12Z"},{"uml":"Toronto","gm":{"lat":43.653482,"lon":-79.383935},"uol":"Toronto","gop":{"lat":43.653482,"lon":-79.383935},"l":"Go","nwo":"devfile/devworkspace-operator","pr":639,"ma":"2021-10-08T21:31:28Z","oa":"2021-10-08T19:14:55Z"},{"uml":"San Francisco","gm":{"lat":37.7648,"lon":-122.463},"uol":"San Francisco","gop":{"lat":37.7648,"lon":-122.463},"l":"Java","nwo":"airbytehq/airbyte","pr":6902,"ma":"2021-10-08T19:56:32Z","oa":"2021-10-08T19:16:09Z"},{"uml":"Philadelphia","gm":{"lat":40.0115,"lon":-75.1327},"uol":"Philadelphia","gop":{"lat":40.0115,"lon":-75.1327},"l":"TypeScript","nwo":"artsy/palette","pr":1057,"ma":"2021-10-08T19:36:39Z","oa":"2021-10-08T19:17:37Z"},{"uml":"London","gm":{"lat":51.507321899999994,"lon":-0.12764739999999997},"uol":"Netherlands","gop":{"lat":51.9724664894952,"lon":5.61349061168593},"l":"Java","nwo":"wiremock/wiremock","pr":1629,"ma":"2021-10-08T19:47:27Z","oa":"2021-10-08T19:18:47Z"},{"uml":"New York City","gm":{"lat":40.7306,"lon":-73.9866},"uol":"New York City","gop":{"lat":40.7306,"lon":-73.9866},"l":"Go","nwo":"evergreen-ci/evergreen","pr":5088,"ma":"2021-10-08T20:37:48Z","oa":"2021-10-08T19:23:39Z"},{"uml":"Las Vegas","gm":{"lat":36.1663,"lon":-115.1492},"uol":"Las Vegas","gop":{"lat":36.1663,"lon":-115.1492},"l":"JavaScript","nwo":"urbit/urbit.org","pr":1198,"ma":"2021-10-08T19:35:41Z","oa":"2021-10-08T19:26:44Z"},{"uml":"San Francisco","gm":{"lat":37.7648,"lon":-122.463},"uol":"San Francisco","gop":{"lat":37.7648,"lon":-122.463},"l":"Java","nwo":"airbytehq/airbyte","pr":6903,"ma":"2021-10-08T19:53:42Z","oa":"2021-10-08T19:27:59Z"},{"uml":"United Kingdom","gm":{"lat":54.2379333607472,"lon":-2.36966957036279},"uol":"United Kingdom","gop":{"lat":54.2379333607472,"lon":-2.36966957036279},"l":"Go","nwo":"ovn-org/libovsdb","pr":239,"ma":"2021-10-08T20:11:19Z","oa":"2021-10-08T19:28:37Z"},{"uml":"United Kingdom","gm":{"lat":54.2379333607472,"lon":-2.36966957036279},"uol":"United Kingdom","gop":{"lat":54.2379333607472,"lon":-2.36966957036279},"l":"C#","nwo":"Ombi-app/Ombi","pr":4339,"ma":"2021-10-08T19:29:46Z","oa":"2021-10-08T19:29:41Z"},{"uml":"Australia","gm":{"lat":-25.7349684916223,"lon":134.489562606981},"uol":"Australia","gop":{"lat":-25.7349684916223,"lon":134.489562606981},"l":"Go","nwo":"Velocidex/velociraptor","pr":1318,"ma":"2021-10-08T19:59:16Z","oa":"2021-10-08T19:30:41Z"},{"uml":"Hague","gm":{"lat":38.0724,"lon":-76.6511},"uol":"Hague","gop":{"lat":38.0724,"lon":-76.6511},"l":"Go","nwo":"srl-labs/containerlab","pr":644,"ma":"2021-10-08T19:35:53Z","oa":"2021-10-08T19:35:28Z"},{"uml":"San José","gm":{"lat":9.93333,"lon":-84.08333},"uol":"San José","gop":{"lat":9.93333,"lon":-84.08333},"l":"JavaScript","nwo":"elyra-ai/canvas","pr":809,"ma":"2021-10-08T22:42:11Z","oa":"2021-10-08T19:41:55Z"},{"uml":"United States","gm":{"lat":39.3812661305678,"lon":-97.9222112121185},"uol":"United States","gop":{"lat":39.3812661305678,"lon":-97.9222112121185},"l":"C#","nwo":"bitwarden/mobile","pr":1571,"ma":"2021-10-08T19:56:36Z","oa":"2021-10-08T19:45:28Z"},{"uml":"Colorado","gm":{"lat":39.190245999,"lon":-105.604997408086},"uol":"Colorado","gop":{"lat":39.190245999,"lon":-105.604997408086},"l":"Go","nwo":"smartcontractkit/chainlink","pr":5200,"ma":"2021-10-08T20:05:20Z","oa":"2021-10-08T19:45:33Z"},{"uml":"Houston","gm":{"lat":29.7589,"lon":-95.3677},"uol":"Houston","gop":{"lat":29.7589,"lon":-95.3677},"l":"Ruby","nwo":"openstax/tutor-server","pr":2392,"ma":"2021-10-08T21:35:52Z","oa":"2021-10-08T19:51:05Z"},{"uml":"Canada","gm":{"lat":55.5859012851966,"lon":-105.750595856519},"uol":"Canada","gop":{"lat":55.5859012851966,"lon":-105.750595856519},"l":"C++","nwo":"ROCmSoftwarePlatform/rocSOLVER","pr":321,"ma":"2021-10-08T20:18:27Z","oa":"2021-10-08T19:51:07Z"},{"uml":"San Francisco","gm":{"lat":37.7648,"lon":-122.463},"uol":"San Francisco","gop":{"lat":37.7648,"lon":-122.463},"l":"Dart","nwo":"google/flutter.widgets","pr":294,"ma":"2021-10-08T20:28:17Z","oa":"2021-10-08T19:53:30Z"},{"uml":"Finland","gm":{"lat":62.7777539652943,"lon":26.199539005192},"uol":"Finland","gop":{"lat":62.7777539652943,"lon":26.199539005192},"l":"Ruby","nwo":"jwt/ruby-jwt","pr":450,"ma":"2021-10-08T19:57:39Z","oa":"2021-10-08T19:53:40Z"},{"uml":"Madison","gm":{"lat":43.0748,"lon":-89.3838},"uol":"Madison","gop":{"lat":43.0748,"lon":-89.3838},"l":"TypeScript","nwo":"JupiterOne/graph-google-cloud","pr":336,"ma":"2021-10-08T20:02:12Z","oa":"2021-10-08T19:58:31Z"},{"uml":"San Francisco","gm":{"lat":37.7648,"lon":-122.463},"uol":"San Francisco","gop":{"lat":37.7648,"lon":-122.463},"l":"Scala","nwo":"delta-io/connectors","pr":169,"ma":"2021-10-08T21:43:43Z","oa":"2021-10-08T20:02:07Z"},{"uml":"New York City","gm":{"lat":40.7306,"lon":-73.9866},"uol":"New York City","gop":{"lat":40.7306,"lon":-73.9866},"l":"TypeScript","nwo":"kubernetes-sigs/kui","pr":8135,"ma":"2021-10-08T20:24:34Z","oa":"2021-10-08T20:02:11Z"},{"uml":"United States","gm":{"lat":39.3812661305678,"lon":-97.9222112121185},"uol":"United States","gop":{"lat":39.3812661305678,"lon":-97.9222112121185},"l":"Python","nwo":"Libensemble/libensemble","pr":696,"ma":"2021-10-08T20:48:33Z","oa":"2021-10-08T20:03:39Z"},{"uml":"San Francisco","gm":{"lat":37.7648,"lon":-122.463},"uol":"San Francisco","gop":{"lat":37.7648,"lon":-122.463},"l":"JavaScript","nwo":"postmanlabs/postman-docs","pr":3586,"ma":"2021-10-08T20:13:56Z","oa":"2021-10-08T20:08:25Z"},{"uml":"Austria","gm":{"lat":47.6077978292689,"lon":14.3001435907641},"uol":"Austria","gop":{"lat":47.6077978292689,"lon":14.3001435907641},"l":"Java","nwo":"gsantner/markor","pr":1466,"ma":"2021-10-08T20:13:37Z","oa":"2021-10-08T20:12:24Z"},{"uml":"United States","gm":{"lat":39.3812661305678,"lon":-97.9222112121185},"uol":"United States","gop":{"lat":39.3812661305678,"lon":-97.9222112121185},"l":"Python","nwo":"PaloAltoNetworks/pan-cortex-data-lake-python","pr":171,"ma":"2021-10-08T20:19:40Z","oa":"2021-10-08T20:12:55Z"},{"uml":"Los Angeles","gm":{"lat":34.0544,"lon":-118.2439},"uol":"Los Angeles","gop":{"lat":34.0544,"lon":-118.2439},"l":"Clojure","nwo":"metabase/metabase","pr":18367,"ma":"2021-10-08T20:51:38Z","oa":"2021-10-08T20:13:15Z"},{"uml":"San Francisco","gm":{"lat":37.7648,"lon":-122.463},"uol":"San Francisco","gop":{"lat":37.7648,"lon":-122.463},"l":"JavaScript","nwo":"postmanlabs/postman-docs","pr":3587,"ma":"2021-10-08T21:21:43Z","oa":"2021-10-08T20:15:36Z"},{"uml":"Slovenia","gm":{"lat":46.1694584888026,"lon":14.6940763981247},"uol":"Slovenia","gop":{"lat":46.1694584888026,"lon":14.6940763981247},"l":"Go","nwo":"oasisprotocol/oasis-core","pr":4305,"ma":"2021-10-08T20:45:32Z","oa":"2021-10-08T20:20:27Z"},{"uml":"Chicago","gm":{"lat":41.8756,"lon":-87.6244},"uol":"Chicago","gop":{"lat":41.8756,"lon":-87.6244},"l":"Dart","nwo":"felangel/bloc","pr":2848,"ma":"2021-10-08T20:33:25Z","oa":"2021-10-08T20:21:28Z"},{"uml":"Germany","gm":{"lat":51.1334813439932,"lon":10.0183432948567},"uol":"Germany","gop":{"lat":51.1334813439932,"lon":10.0183432948567},"l":"Java","nwo":"JabRef/jabref","pr":8131,"ma":"2021-10-08T21:13:53Z","oa":"2021-10-08T20:23:53Z"},{"uml":"Germany","gm":{"lat":51.1334813439932,"lon":10.0183432948567},"uol":"Germany","gop":{"lat":51.1334813439932,"lon":10.0183432948567},"l":"C","nwo":"OpenIndiana/oi-userland","pr":7165,"ma":"2021-10-08T20:30:42Z","oa":"2021-10-08T20:30:27Z"},{"uml":"Uruguay","gm":{"lat":-32.7996455126793,"lon":-56.012396238658},"uol":"Uruguay","gop":{"lat":-32.7996455126793,"lon":-56.012396238658},"l":"Swift","nwo":"RevenueCat/purchases-ios","pr":897,"ma":"2021-10-08T21:24:57Z","oa":"2021-10-08T20:33:14Z"},{"uml":"Canada","gm":{"lat":55.5859012851966,"lon":-105.750595856519},"uol":"Canada","gop":{"lat":55.5859012851966,"lon":-105.750595856519},"l":"JavaScript","nwo":"MetaMask/metamask-extension","pr":12315,"ma":"2021-10-08T21:27:46Z","oa":"2021-10-08T20:35:52Z"},{"uml":"Istanbul","gm":{"lat":41.01,"lon":28.96028},"uol":"Istanbul","gop":{"lat":41.01,"lon":28.96028},"l":"PHP","nwo":"boxbilling/boxbilling","pr":1067,"ma":"2021-10-08T20:40:12Z","oa":"2021-10-08T20:37:00Z"},{"uml":"Connecticut","gm":{"lat":41.6261419326,"lon":-72.7262428031069},"uol":"Connecticut","gop":{"lat":41.6261419326,"lon":-72.7262428031069},"l":"TypeScript","nwo":"aws-amplify/docs","pr":3655,"ma":"2021-10-08T22:39:44Z","oa":"2021-10-08T20:38:00Z"},{"uml":"Seattle","gm":{"lat":47.6038,"lon":-122.3301},"uol":"Seattle","gop":{"lat":47.6038,"lon":-122.3301},"l":"Python","nwo":"uw-it-aca/myuw","pr":2624,"ma":"2021-10-08T20:54:21Z","oa":"2021-10-08T20:39:19Z"},{"uml":"Menlo Park","gm":{"lat":37.4538,"lon":-122.1822},"uol":"Menlo Park","gop":{"lat":37.4538,"lon":-122.1822},"l":"Vim script","nwo":"neovim/neovim","pr":15969,"ma":"2021-10-08T21:01:56Z","oa":"2021-10-08T20:43:50Z"},{"uml":"Toronto","gm":{"lat":43.653482,"lon":-79.383935},"uol":"Toronto","gop":{"lat":43.653482,"lon":-79.383935},"l":"Java","nwo":"googleapis/gax-java","pr":1500,"ma":"2021-10-08T20:51:54Z","oa":"2021-10-08T20:45:52Z"},{"uml":"Lille","gm":{"lat":50.63194,"lon":3.0575},"uol":"Lille","gop":{"lat":50.63194,"lon":3.0575},"l":"Ruby","nwo":"Homebrew/linuxbrew-core","pr":24525,"ma":"2021-10-08T20:53:50Z","oa":"2021-10-08T20:53:44Z"},{"uml":"Seattle","gm":{"lat":47.6038,"lon":-122.3301},"uol":"Seattle","gop":{"lat":47.6038,"lon":-122.3301},"l":"JavaScript","nwo":"18F/federalist","pr":3657,"ma":"2021-10-08T21:22:04Z","oa":"2021-10-08T20:55:38Z"},{"uml":"San José","gm":{"lat":9.93333,"lon":-84.08333},"uol":"San José","gop":{"lat":9.93333,"lon":-84.08333},"l":"Shell","nwo":"nestybox/sysbox","pr":408,"ma":"2021-10-08T22:18:44Z","oa":"2021-10-08T20:56:47Z"},{"uml":"Germany","gm":{"lat":51.1334813439932,"lon":10.0183432948567},"uol":"Germany","gop":{"lat":51.1334813439932,"lon":10.0183432948567},"l":"Shell","nwo":"void-linux/void-packages","pr":33430,"ma":"2021-10-08T20:58:35Z","oa":"2021-10-08T20:58:28Z"},{"uml":"United States","gm":{"lat":39.3812661305678,"lon":-97.9222112121185},"uol":"United States","gop":{"lat":39.3812661305678,"lon":-97.9222112121185},"l":"JavaScript","nwo":"magfest/ubersystem","pr":3821,"ma":"2021-10-08T21:00:58Z","oa":"2021-10-08T21:00:53Z"},{"uml":"People's Republic of China","gm":{"lat":35.4867029846329,"lon":101.901875103385},"uol":"Dongguan","gop":{"lat":23.04749,"lon":113.74928},"l":"Shell","nwo":"LCTT/TranslateProject","pr":23482,"ma":"2021-10-09T00:21:59Z","oa":"2021-10-08T21:02:53Z"},{"uml":"People's Republic of China","gm":{"lat":35.4867029846329,"lon":101.901875103385},"uol":"Dongguan","gop":{"lat":23.04749,"lon":113.74928},"l":"Shell","nwo":"LCTT/TranslateProject","pr":23483,"ma":"2021-10-09T00:22:26Z","oa":"2021-10-08T21:03:08Z"},{"uml":"San Francisco","gm":{"lat":37.7648,"lon":-122.463},"uol":"San Francisco","gop":{"lat":37.7648,"lon":-122.463},"l":"Java","nwo":"airbytehq/airbyte","pr":6916,"ma":"2021-10-08T21:14:32Z","oa":"2021-10-08T21:05:43Z"},{"uml":"Uruguay","gm":{"lat":-32.7996455126793,"lon":-56.012396238658},"uol":"Uruguay","gop":{"lat":-32.7996455126793,"lon":-56.012396238658},"l":"Swift","nwo":"RevenueCat/purchases-ios","pr":898,"ma":"2021-10-08T21:46:18Z","oa":"2021-10-08T21:07:41Z"},{"uml":"Germany","gm":{"lat":51.1334813439932,"lon":10.0183432948567},"uol":"Germany","gop":{"lat":51.1334813439932,"lon":10.0183432948567},"l":"Nix","nwo":"NixOS/nixpkgs","pr":141020,"ma":"2021-10-08T21:34:05Z","oa":"2021-10-08T21:08:44Z"},{"uml":"Germany","gm":{"lat":51.1334813439932,"lon":10.0183432948567},"uol":"Germany","gop":{"lat":51.1334813439932,"lon":10.0183432948567},"l":"Nix","nwo":"NixOS/nixpkgs","pr":141022,"ma":"2021-10-08T21:35:09Z","oa":"2021-10-08T21:09:56Z"},{"uml":"Argentina","gm":{"lat":-36.252002,"lon":-63.954193},"uol":"Argentina","gop":{"lat":-36.252002,"lon":-63.954193},"l":"TypeScript","nwo":"nextui-org/nextui","pr":72,"ma":"2021-10-08T23:01:58Z","oa":"2021-10-08T21:11:39Z"},{"uml":"Denver","gm":{"lat":39.7348,"lon":-104.9653},"uol":"Denver","gop":{"lat":39.7348,"lon":-104.9653},"l":"JavaScript","nwo":"HausDAO/daohaus-app","pr":1452,"ma":"2021-10-08T21:16:03Z","oa":"2021-10-08T21:15:56Z"},{"uml":"New York City","gm":{"lat":40.7306,"lon":-73.9866},"uol":"New York City","gop":{"lat":40.7306,"lon":-73.9866},"l":"Python","nwo":"JustFixNYC/tenants2","pr":2216,"ma":"2021-10-08T21:17:30Z","oa":"2021-10-08T21:16:36Z"},{"uml":"Switzerland","gm":{"lat":46.8024955829499,"lon":8.23439191387853},"uol":"Switzerland","gop":{"lat":46.8024955829499,"lon":8.23439191387853},"l":"C++","nwo":"mockingbirdnest/Principia","pr":3143,"ma":"2021-10-08T21:18:57Z","oa":"2021-10-08T21:17:09Z"},{"uml":"Redmond","gm":{"lat":47.6694,"lon":-122.1239},"uol":"Redmond","gop":{"lat":47.6694,"lon":-122.1239},"l":"TypeScript","nwo":"microsoft/accessibility-insights-service","pr":1764,"ma":"2021-10-08T22:07:53Z","oa":"2021-10-08T21:21:11Z"},{"uml":"New York City","gm":{"lat":40.7306,"lon":-73.9866},"uol":"New York City","gop":{"lat":40.7306,"lon":-73.9866},"l":"Go","nwo":"evergreen-ci/evergreen","pr":5093,"ma":"2021-10-08T21:39:57Z","oa":"2021-10-08T21:24:47Z"},{"uml":"Italy","gm":{"lat":42.5041539170675,"lon":12.6463610364431},"uol":"Italy","gop":{"lat":42.5041539170675,"lon":12.6463610364431},"l":"TypeScript","nwo":"webarkit/ARnft","pr":219,"ma":"2021-10-08T22:13:14Z","oa":"2021-10-08T21:25:26Z"},{"uml":"Sweden","gm":{"lat":64.9648751621697,"lon":17.6754094331351},"uol":"Sweden","gop":{"lat":64.9648751621697,"lon":17.6754094331351},"l":"Python","nwo":"roflcoopter/viseron","pr":282,"ma":"2021-10-08T21:29:43Z","oa":"2021-10-08T21:26:20Z"},{"uml":"Chile","gm":{"lat":-26.783346,"lon":-69.761008},"uol":"Chile","gop":{"lat":-26.783346,"lon":-69.761008},"l":"Python","nwo":"mindsdb/lightwood","pr":587,"ma":"2021-10-08T21:44:23Z","oa":"2021-10-08T21:27:56Z"},{"uml":"Romania","gm":{"lat":45.8436147575587,"lon":24.9692584752492},"uol":"Romania","gop":{"lat":45.8436147575587,"lon":24.9692584752492},"l":"JavaScript","nwo":"open-sauced/open-sauced","pr":1217,"ma":"2021-10-08T21:32:14Z","oa":"2021-10-08T21:28:23Z"},{"uml":"Sweden","gm":{"lat":64.9648751621697,"lon":17.6754094331351},"uol":"Sweden","gop":{"lat":64.9648751621697,"lon":17.6754094331351},"l":"Python","nwo":"roflcoopter/viseron","pr":283,"ma":"2021-10-08T21:40:16Z","oa":"2021-10-08T21:30:23Z"},{"uml":"Troy","gm":{"lat":42.7284,"lon":-73.6918},"uol":"Troy","gop":{"lat":42.7284,"lon":-73.6918},"l":"Rust","nwo":"rcos/Telescope","pr":181,"ma":"2021-10-08T21:33:50Z","oa":"2021-10-08T21:31:32Z"},{"uml":"Colorado","gm":{"lat":39.190245999,"lon":-105.604997408086},"uol":"Colorado","gop":{"lat":39.190245999,"lon":-105.604997408086},"l":"TypeScript","nwo":"0xProject/0x-api","pr":760,"ma":"2021-10-08T21:50:52Z","oa":"2021-10-08T21:37:46Z"},{"uml":"Redmond","gm":{"lat":47.6694,"lon":-122.1239},"uol":"Redmond","gop":{"lat":47.6694,"lon":-122.1239},"l":"Python","nwo":"Azure/azure-iot-sdk-python","pr":866,"ma":"2021-10-08T22:18:23Z","oa":"2021-10-08T21:38:36Z"},{"uml":"Brussels","gm":{"lat":50.8467,"lon":4.3547},"uol":"Brussels","gop":{"lat":50.8467,"lon":4.3547},"l":"Java","nwo":"logstash/logstash-logback-encoder","pr":673,"ma":"2021-10-08T22:48:26Z","oa":"2021-10-08T21:42:19Z"},{"uml":"Santa Fe","gm":{"lat":-33.72278,"lon":-62.24611},"uol":"Santa Fe","gop":{"lat":-33.72278,"lon":-62.24611},"l":"Rust","nwo":"jameslittle230/stork","pr":199,"ma":"2021-10-09T00:48:58Z","oa":"2021-10-08T21:42:54Z"},{"uml":"Las Vegas","gm":{"lat":36.1663,"lon":-115.1492},"uol":"Las Vegas","gop":{"lat":36.1663,"lon":-115.1492},"l":"JavaScript","nwo":"urbit/urbit.org","pr":1200,"ma":"2021-10-08T21:59:03Z","oa":"2021-10-08T21:45:20Z"},{"uml":"Redmond","gm":{"lat":47.6694,"lon":-122.1239},"uol":"Redmond","gop":{"lat":47.6694,"lon":-122.1239},"l":"TypeScript","nwo":"microsoft/accessibility-insights-action","pr":900,"ma":"2021-10-08T22:10:01Z","oa":"2021-10-08T21:49:22Z"},{"uml":"Plano","gm":{"lat":33.0137,"lon":-96.6925},"uol":"Argentina","gop":{"lat":-36.252002,"lon":-63.954193},"l":"Rust","nwo":"deltaphc/raylib-rs","pr":102,"ma":"2021-10-08T23:25:50Z","oa":"2021-10-08T21:52:26Z"},{"uml":"Madison","gm":{"lat":43.0748,"lon":-89.3838},"uol":"Madison","gop":{"lat":43.0748,"lon":-89.3838},"l":"TypeScript","nwo":"JupiterOne/graph-google-cloud","pr":337,"ma":"2021-10-08T21:57:56Z","oa":"2021-10-08T21:54:31Z"},{"uml":"Cardiff","gm":{"lat":51.481654599999985,"lon":-3.1791934},"uol":"Cardiff","gop":{"lat":51.481654599999985,"lon":-3.1791934},"l":"JavaScript","nwo":"jenkoian/hacktoberfest-checker","pr":600,"ma":"2021-10-08T21:55:45Z","oa":"2021-10-08T21:54:44Z"},{"uml":"California City","gm":{"lat":35.1258,"lon":-117.9859},"uol":"California City","gop":{"lat":35.1258,"lon":-117.9859},"l":"Python","nwo":"home-assistant/core","pr":57355,"ma":"2021-10-08T22:47:55Z","oa":"2021-10-08T21:59:05Z"},{"uml":"San Diego","gm":{"lat":32.7174,"lon":-117.1628},"uol":"San Diego","gop":{"lat":32.7174,"lon":-117.1628},"l":"Python","nwo":"commaai/openpilot","pr":22494,"ma":"2021-10-08T23:16:23Z","oa":"2021-10-08T22:01:27Z"},{"uml":"Madison","gm":{"lat":43.0748,"lon":-89.3838},"uol":"Madison","gop":{"lat":43.0748,"lon":-89.3838},"l":"TypeScript","nwo":"JupiterOne/graph-google-cloud","pr":338,"ma":"2021-10-08T22:06:57Z","oa":"2021-10-08T22:03:45Z"},{"uml":"Atlanta","gm":{"lat":33.7491,"lon":-84.3902},"uol":"Atlanta","gop":{"lat":33.7491,"lon":-84.3902},"l":"C++","nwo":"llvm/circt","pr":1961,"ma":"2021-10-08T23:10:47Z","oa":"2021-10-08T22:06:04Z"},{"uml":"San Francisco","gm":{"lat":37.7648,"lon":-122.463},"uol":"San Francisco","gop":{"lat":37.7648,"lon":-122.463},"l":"JavaScript","nwo":"optimizely/javascript-sdk","pr":708,"ma":"2021-10-08T22:28:51Z","oa":"2021-10-08T22:08:24Z"},{"uml":"United States","gm":{"lat":39.3812661305678,"lon":-97.9222112121185},"uol":"United States","gop":{"lat":39.3812661305678,"lon":-97.9222112121185},"l":"Ruby","nwo":"samvera/hyrax","pr":5180,"ma":"2021-10-08T23:26:51Z","oa":"2021-10-08T22:17:21Z"},{"uml":"San Francisco","gm":{"lat":37.7648,"lon":-122.463},"uol":"San Francisco","gop":{"lat":37.7648,"lon":-122.463},"l":"PHP","nwo":"JudicialCouncilOfCalifornia/trialcourt","pr":2238,"ma":"2021-10-08T22:52:12Z","oa":"2021-10-08T22:24:58Z"},{"uml":"Redmond","gm":{"lat":47.6694,"lon":-122.1239},"uol":"Redmond","gop":{"lat":47.6694,"lon":-122.1239},"l":"TypeScript","nwo":"microsoft/accessibility-insights-service","pr":1765,"ma":"2021-10-08T22:34:36Z","oa":"2021-10-08T22:25:32Z"},{"uml":"United States","gm":{"lat":39.3812661305678,"lon":-97.9222112121185},"uol":"United States","gop":{"lat":39.3812661305678,"lon":-97.9222112121185},"l":"C++","nwo":"flutter/engine","pr":29088,"ma":"2021-10-09T00:14:30Z","oa":"2021-10-08T22:28:17Z"},{"uml":"Seattle","gm":{"lat":47.6038,"lon":-122.3301},"uol":"Seattle","gop":{"lat":47.6038,"lon":-122.3301},"l":"Ruby","nwo":"tenderlove/tenderjit","pr":48,"ma":"2021-10-08T22:31:58Z","oa":"2021-10-08T22:30:21Z"},{"uml":"Redmond","gm":{"lat":47.6694,"lon":-122.1239},"uol":"Redmond","gop":{"lat":47.6694,"lon":-122.1239},"l":"TypeScript","nwo":"microsoft/accessibility-insights-action","pr":901,"ma":"2021-10-08T22:34:42Z","oa":"2021-10-08T22:32:02Z"},{"uml":"Heidelberg","gm":{"lat":49.41222,"lon":8.71},"uol":"Heidelberg","gop":{"lat":49.41222,"lon":8.71},"l":"Scala","nwo":"SAP/kafka-connect-sap","pr":99,"ma":"2021-10-08T22:40:42Z","oa":"2021-10-08T22:37:55Z"},{"uml":"San Francisco","gm":{"lat":37.7648,"lon":-122.463},"uol":"San Francisco","gop":{"lat":37.7648,"lon":-122.463},"l":"JavaScript","nwo":"optimizely/javascript-sdk","pr":709,"ma":"2021-10-08T22:58:16Z","oa":"2021-10-08T22:41:03Z"},{"uml":"Germany","gm":{"lat":51.1334813439932,"lon":10.0183432948567},"uol":"Germany","gop":{"lat":51.1334813439932,"lon":10.0183432948567},"l":"TypeScript","nwo":"DanielHabenicht/ngx-vcard","pr":580,"ma":"2021-10-08T22:52:53Z","oa":"2021-10-08T22:45:12Z"},{"uml":"New York City","gm":{"lat":40.7306,"lon":-73.9866},"uol":"New York City","gop":{"lat":40.7306,"lon":-73.9866},"l":"JavaScript","nwo":"AdobeDocs/uxp-photoshop","pr":267,"ma":"2021-10-08T22:58:51Z","oa":"2021-10-08T22:56:23Z"},{"uml":"United States","gm":{"lat":39.3812661305678,"lon":-97.9222112121185},"uol":"United States","gop":{"lat":39.3812661305678,"lon":-97.9222112121185},"l":"Ruby","nwo":"samvera/hyrax","pr":5181,"ma":"2021-10-08T23:39:32Z","oa":"2021-10-08T23:01:46Z"},{"uml":"Berlin","gm":{"lat":52.51667,"lon":13.38333},"uol":"Berlin","gop":{"lat":52.51667,"lon":13.38333},"l":"Vim script","nwo":"neovim/neovim","pr":15970,"ma":"2021-10-09T00:02:37Z","oa":"2021-10-08T23:02:42Z"},{"uml":"Redmond","gm":{"lat":47.6694,"lon":-122.1239},"uol":"Redmond","gop":{"lat":47.6694,"lon":-122.1239},"l":"Python","nwo":"MicrosoftDocs/visualstudio-docs","pr":7136,"ma":"2021-10-08T23:04:54Z","oa":"2021-10-08T23:04:33Z"},{"uml":"United States","gm":{"lat":39.3812661305678,"lon":-97.9222112121185},"uol":"United States","gop":{"lat":39.3812661305678,"lon":-97.9222112121185},"l":"JavaScript","nwo":"hackclub/v3","pr":218,"ma":"2021-10-08T23:37:22Z","oa":"2021-10-08T23:25:34Z"},{"uml":"Ukraine","gm":{"lat":49.3227937844972,"lon":31.3202829593814},"uol":"Ukraine","gop":{"lat":49.3227937844972,"lon":31.3202829593814},"l":"PHP","nwo":"Automattic/vip-go-mu-plugins","pr":2489,"ma":"2021-10-09T02:06:02Z","oa":"2021-10-08T23:30:11Z"},{"uml":"Canada","gm":{"lat":55.5859012851966,"lon":-105.750595856519},"uol":"Eastern","gop":{"lat":37.517,"lon":-82.806},"l":"C","nwo":"aquasecurity/tracee","pr":1055,"ma":"2021-10-08T23:42:13Z","oa":"2021-10-08T23:31:31Z"},{"uml":"San José","gm":{"lat":9.93333,"lon":-84.08333},"uol":"San José","gop":{"lat":9.93333,"lon":-84.08333},"l":"Shell","nwo":"nestybox/sysbox","pr":409,"ma":"2021-10-08T23:51:18Z","oa":"2021-10-08T23:35:26Z"},{"uml":"Ukraine","gm":{"lat":49.3227937844972,"lon":31.3202829593814},"uol":"Ukraine","gop":{"lat":49.3227937844972,"lon":31.3202829593814},"l":"PHP","nwo":"Automattic/vip-go-mu-plugins","pr":2490,"ma":"2021-10-09T00:28:31Z","oa":"2021-10-08T23:38:21Z"},{"uml":"San Francisco","gm":{"lat":37.7648,"lon":-122.463},"uol":"San Francisco","gop":{"lat":37.7648,"lon":-122.463},"l":"PHP","nwo":"JudicialCouncilOfCalifornia/trialcourt","pr":2239,"ma":"2021-10-08T23:39:22Z","oa":"2021-10-08T23:38:52Z"},{"uml":"Missouri","gm":{"lat":38.19080239858,"lon":-92.585914899503},"uol":"Missouri","gop":{"lat":38.19080239858,"lon":-92.585914899503},"l":"Java","nwo":"runelite/plugin-hub","pr":1959,"ma":"2021-10-08T23:53:25Z","oa":"2021-10-08T23:42:27Z"},{"uml":"Argentina","gm":{"lat":-36.252002,"lon":-63.954193},"uol":"Argentina","gop":{"lat":-36.252002,"lon":-63.954193},"l":"TypeScript","nwo":"nextui-org/nextui","pr":73,"ma":"2021-10-08T23:51:43Z","oa":"2021-10-08T23:45:39Z"},{"uml":"Eastern","gm":{"lat":37.517,"lon":-82.806},"uol":"Eastern","gop":{"lat":37.517,"lon":-82.806},"l":"C","nwo":"aquasecurity/tracee","pr":1056,"ma":"2021-10-09T00:02:27Z","oa":"2021-10-08T23:47:52Z"},{"uml":"New York City","gm":{"lat":40.7306,"lon":-73.9866},"uol":"New York City","gop":{"lat":40.7306,"lon":-73.9866},"l":"TypeScript","nwo":"kubernetes-sigs/kui","pr":8137,"ma":"2021-10-09T00:12:53Z","oa":"2021-10-08T23:51:59Z"},{"uml":"Moscow","gm":{"lat":55.75583,"lon":37.61778},"uol":"Moscow","gop":{"lat":55.75583,"lon":37.61778},"l":"JavaScript","nwo":"Areso/1255-burgomaster","pr":570,"ma":"2021-10-08T23:55:34Z","oa":"2021-10-08T23:54:33Z"},{"uml":"Canada","gm":{"lat":55.5859012851966,"lon":-105.750595856519},"uol":"Estonia","gop":{"lat":58.7783968568071,"lon":25.7615268448868},"l":"Java","nwo":"KyoriPowered/adventure-text-minimessage","pr":170,"ma":"2021-10-09T00:23:46Z","oa":"2021-10-09T00:03:51Z"},{"uml":"Moscow","gm":{"lat":55.75583,"lon":37.61778},"uol":"Moscow","gop":{"lat":55.75583,"lon":37.61778},"l":"JavaScript","nwo":"Areso/1255-burgomaster","pr":571,"ma":"2021-10-09T00:08:10Z","oa":"2021-10-09T00:08:00Z"},{"uml":"San Francisco","gm":{"lat":37.7648,"lon":-122.463},"uol":"San Francisco","gop":{"lat":37.7648,"lon":-122.463},"l":"TypeScript","nwo":"datacommonsorg/website","pr":1171,"ma":"2021-10-09T00:19:34Z","oa":"2021-10-09T00:08:37Z"},{"uml":"Moscow","gm":{"lat":55.75583,"lon":37.61778},"uol":"Moscow","gop":{"lat":55.75583,"lon":37.61778},"l":"JavaScript","nwo":"Areso/1255-burgomaster","pr":572,"ma":"2021-10-09T00:09:00Z","oa":"2021-10-09T00:08:43Z"},{"uml":"New York City","gm":{"lat":40.7306,"lon":-73.9866},"uol":"New York City","gop":{"lat":40.7306,"lon":-73.9866},"l":"TypeScript","nwo":"kubernetes-sigs/kui","pr":8138,"ma":"2021-10-09T00:33:20Z","oa":"2021-10-09T00:14:37Z"},{"uml":"South Korea","gm":{"lat":36.5362364654109,"lon":128.168944342317},"uol":"South Korea","gop":{"lat":36.5362364654109,"lon":128.168944342317},"l":"Rust","nwo":"swc-project/swc","pr":2383,"ma":"2021-10-09T01:21:00Z","oa":"2021-10-09T00:22:49Z"},{"uml":"Moscow","gm":{"lat":55.75583,"lon":37.61778},"uol":"Moscow","gop":{"lat":55.75583,"lon":37.61778},"l":"JavaScript","nwo":"Areso/1255-burgomaster","pr":573,"ma":"2021-10-09T00:26:38Z","oa":"2021-10-09T00:26:21Z"},{"uml":"Taipei","gm":{"lat":25.03333,"lon":121.63333},"uol":"Taipei","gop":{"lat":25.03333,"lon":121.63333},"l":"Makefile","nwo":"aws-samples/amazon-eks-refarch-cloudformation","pr":173,"ma":"2021-10-09T00:42:59Z","oa":"2021-10-09T00:41:28Z"},{"uml":"United States","gm":{"lat":39.3812661305678,"lon":-97.9222112121185},"uol":"United States","gop":{"lat":39.3812661305678,"lon":-97.9222112121185},"l":"JavaScript","nwo":"webcatalog/neutron","pr":644,"ma":"2021-10-09T00:50:07Z","oa":"2021-10-09T00:47:18Z"},{"uml":"New York City","gm":{"lat":40.7306,"lon":-73.9866},"uol":"New York City","gop":{"lat":40.7306,"lon":-73.9866},"l":"TypeScript","nwo":"kubernetes-sigs/kui","pr":8139,"ma":"2021-10-09T01:36:09Z","oa":"2021-10-09T01:01:35Z"},{"uml":"New Zealand","gm":{"lat":-41.8388752215127,"lon":171.779900195937},"uol":"United States","gop":{"lat":39.3812661305678,"lon":-97.9222112121185},"l":"C#","nwo":"mosa/MOSA-Project","pr":898,"ma":"2021-10-09T01:34:08Z","oa":"2021-10-09T01:06:06Z"},{"uml":"People's Republic of China","gm":{"lat":35.4867029846329,"lon":101.901875103385},"uol":"People's Republic of China","gop":{"lat":35.4867029846329,"lon":101.901875103385},"l":"Shell","nwo":"LCTT/TranslateProject","pr":23486,"ma":"2021-10-09T01:07:44Z","oa":"2021-10-09T01:06:41Z"},{"uml":"California City","gm":{"lat":35.1258,"lon":-117.9859},"uol":"Indonesia","gop":{"lat":-2.352,"lon":116.348},"l":"Markdown","nwo":"ppy/osu-wiki","pr":6204,"ma":"2021-10-09T01:38:17Z","oa":"2021-10-09T01:13:47Z"},{"uml":"New York City","gm":{"lat":40.7306,"lon":-73.9866},"uol":"New York City","gop":{"lat":40.7306,"lon":-73.9866},"l":"TypeScript","nwo":"kubernetes-sigs/kui","pr":8140,"ma":"2021-10-09T01:36:20Z","oa":"2021-10-09T01:18:04Z"},{"uml":"California City","gm":{"lat":35.1258,"lon":-117.9859},"uol":"California City","gop":{"lat":35.1258,"lon":-117.9859},"l":"TypeScript","nwo":"OffprintStudios/dragonfish","pr":692,"ma":"2021-10-09T01:52:22Z","oa":"2021-10-09T01:25:50Z"},{"uml":"People's Republic of China","gm":{"lat":35.4867029846329,"lon":101.901875103385},"uol":"People's Republic of China","gop":{"lat":35.4867029846329,"lon":101.901875103385},"l":"Shell","nwo":"LCTT/TranslateProject","pr":23487,"ma":"2021-10-09T01:33:04Z","oa":"2021-10-09T01:29:39Z"},{"uml":"Shanghai","gm":{"lat":31.16667,"lon":121.46667},"uol":"Shanghai","gop":{"lat":31.16667,"lon":121.46667},"l":"Java","nwo":"Azure/azure-sdk-for-java","pr":24698,"ma":"2021-10-09T02:02:58Z","oa":"2021-10-09T01:29:56Z"},{"uml":"People's Republic of China","gm":{"lat":35.4867029846329,"lon":101.901875103385},"uol":"People's Republic of China","gop":{"lat":35.4867029846329,"lon":101.901875103385},"l":"Shell","nwo":"LCTT/TranslateProject","pr":23488,"ma":"2021-10-09T01:47:06Z","oa":"2021-10-09T01:45:30Z"},{"uml":"New York City","gm":{"lat":40.7306,"lon":-73.9866},"uol":"New York City","gop":{"lat":40.7306,"lon":-73.9866},"l":"TypeScript","nwo":"kubernetes-sigs/kui","pr":8141,"ma":"2021-10-09T02:15:58Z","oa":"2021-10-09T01:51:13Z"},{"uml":"New York City","gm":{"lat":40.7306,"lon":-73.9866},"uol":"New York City","gop":{"lat":40.7306,"lon":-73.9866},"l":"TypeScript","nwo":"kubernetes-sigs/kui","pr":8142,"ma":"2021-10-09T02:15:40Z","oa":"2021-10-09T01:56:28Z"},{"uml":"Buenos Aires","gm":{"lat":-34.59972,"lon":-58.38194},"uol":"Buenos Aires","gop":{"lat":-34.59972,"lon":-58.38194},"l":"JavaScript","nwo":"ngarbezza/testy","pr":215,"ma":"2021-10-09T01:59:18Z","oa":"2021-10-09T01:56:32Z"},{"uml":"Shanghai","gm":{"lat":31.16667,"lon":121.46667},"uol":"Mars Hill","gop":{"lat":35.8265,"lon":-82.5493},"l":"Python","nwo":"milvus-io/bootcamp","pr":724,"ma":"2021-10-09T02:28:14Z","oa":"2021-10-09T02:22:25Z"}]